Microsoft Windows [Version 10.0.19045.6093]
(c) Microsoft Corporation. All rights reserved.

C:\Program Files\MySQL\MySQL Server 9.3\bin>mysql -h localhost -u root -p
Enter password: ****
Welcome to the MySQL monitor.  Commands end with ; or \g.
Your MySQL connection id is 10
Server version: 9.3.0 MySQL Community Server - GPL

Copyright (c) 2000, 2025, Oracle and/or its affiliates.

Oracle is a registered trademark of Oracle Corporation and/or its
affiliates. Other names may be trademarks of their respective
owners.

Type 'help;' or '\h' for help. Type '\c' to clear the current input statement.

mysql> create database bank1;
Query OK, 1 row affected (0.132 sec)

mysql> use bank1;
Database changed

mysql> create table customer (
    -> customerID int primary key,
    -> name varchar(10),
    -> address varchar(50),
    -> contactNO int
    -> );
Query OK, 0 rows affected (0.227 sec)

mysql> CREATE TABLE account (
    ->   accountNO INT NOT NULL,
    ->   customerID INT,
    ->   type VARCHAR(10),
    ->   PRIMARY KEY (accountNO),
    ->   KEY customerID (customerID),
    ->   CONSTRAINT fk_customer FOREIGN KEY (customerID) REFERENCES customer(customerID)
    -> );
Query OK, 0 rows affected (0.371 sec)

mysql> create user 'Sarth1'@localhost identified by 'root';
Query OK, 0 rows affected (0.241 sec)

mysql> grant select on bank.customer to 'Sarth1'@localhost;
Query OK, 0 rows affected (0.095 sec)

mysql> grant select on bank.account to 'Sarth1'@localhost;
Query OK, 0 rows affected (0.086 sec)

mysql> ALTER TABLE account
    -> ADD CONSTRAINT chk_accountNO CHECK (accountNO > 1000);
Query OK, 0 rows affected (1.241 sec)

mysql> INSERT INTO customer VALUES
    -> (1, 'Alice', 'Pune', 987654321),
    -> (2, 'Bob', 'Mumbai', 912345678),
    -> (3, 'Charlie', 'Delhi', 998877665);
Query OK, 3 rows affected (0.145 sec)
Records: 3  Duplicates: 0  Warnings: 0

mysql> INSERT INTO account VALUES
    -> (1001, 1, 'Savings'),
    -> (1002, 2, 'Current'),
    -> (1003, 3, 'Savings');
Query OK, 3 rows affected (0.132 sec)
Records: 3  Duplicates: 0  Warnings: 0

mysql> show tables;
+-----------------+
| Tables_in_bank1 |
+-----------------+
| account         |
| customer        |
+-----------------+
2 rows in set (0.012 sec)

mysql> select * from customer;
+------------+---------+---------+-----------+
| customerID | name    | address | contactNO |
+------------+---------+---------+-----------+
|          1 | Alice   | Pune    | 987654321 |
|          2 | Bob     | Mumbai  | 912345678 |
|          3 | Charlie | Delhi   | 998877665 |
+------------+---------+---------+-----------+
3 rows in set (0.010 sec)

mysql> select * from account;
+-----------+------------+---------+
| accountNO | customerID | type    |
+-----------+------------+---------+
|      1001 |          1 | Savings |
|      1002 |          2 | Current |
|      1003 |          3 | Savings |
+-----------+------------+---------+
3 rows in set (0.010 sec)
